variant_num_old,linkage,replicate,run_dir,delta_g_gas,delta_g_gas_sd,delta_g_gas_sem,delta_g_solv,delta_g_solv_sd,delta_g_solv_sem,delta_total,delta_total_sd,delta_total_sem
9dip,23,0,9dip23_mdrun_500ns_0.0.9dip_23.amber_renamegly_mmgbsa_new_mmgbsalab,-211.6367,46.3986,1.7575,101.0571,31.8342,1.2058,-110.5796,17.6584,0.6689
9dip,23,1,9dip23_mdrun_500ns_0.1.9dip_23.amber_renamegly_new_mmgbsa,-103.6599,91.643,2.898,30.9638,71.7059,2.2675,-72.6961,21.8973,0.6925
9dip,23,2,9dip23_mdrun_500ns_0.2.9dip_23.amber_renamegly_new_mmgbsa,-167.7901,25.641,0.8108,68.0613,21.1494,0.6688,-99.7288,7.7487,0.245
2021ref,23,0,9dip23_mdrun_500ns_2021ref_0.0.2021_ref_23_mmgbsa,-101.4105,40.6719,1.2862,12.2903,31.8698,1.0078,-89.1202,15.9303,0.5038
2021ref,23,1,9dip23_mdrun_500ns_2021ref_0.1.2021_ref_23_mmgbsa,-14.6735,52.538,1.6614,-57.6136,44.2738,1.4001,-72.2872,11.9535,0.378
2021ref,23,2,9dip23_mdrun_500ns_2021ref_0.2.2021_ref_23_mmgbsa,-96.2851,41.1869,1.3024,2.7438,29.9659,0.9476,-93.5413,14.7787,0.4673
V8,23,0,9dip23_mdrun_500ns_top5_variant_2_runMDs_0.0.final_MUT_EPI_ISL_19792280_4muts_bj4_V8_23_amber_mmgbsa,-94.1863,45.0353,1.4241,31.4172,34.6688,1.0963,-62.7691,14.412,0.4557
V8,23,1,9dip23_mdrun_500ns_top5_variant_2_runMDs_0.1.final_MUT_EPI_ISL_19792280_4muts_bj4_V8_23_amber_mmgbsa,-164.1129,29.5306,0.9338,82.6146,23.904,0.7559,-81.4982,9.8041,0.31
V8,23,2,9dip23_mdrun_500ns_top5_variant_2_runMDs_0.2.final_MUT_EPI_ISL_19792280_4muts_bj4_V8_23_amber_mmgbsa,-217.8862,46.281,1.4635,113.842,33.9212,1.0727,-104.0442,17.0604,0.5395
V5,23,0,9dip23_mdrun_500ns_top5_variant_2_runMDs_1.0.final_MUT_EPI_ISL_19825654_5muts_bj2_V5_23_amber_mmgbsa,-118.2887,92.9846,2.9404,43.4331,67.5226,2.1353,-74.8556,27.3491,0.8649
V5,23,1,9dip23_mdrun_500ns_top5_variant_2_runMDs_1.1.final_MUT_EPI_ISL_19825654_5muts_bj2_V5_23_amber_mmgbsa,-106.8056,81.9657,2.592,40.3065,53.5674,1.6939,-66.4991,31.366,0.9919
V5,23,2,9dip23_mdrun_500ns_top5_variant_2_runMDs_1.2.final_MUT_EPI_ISL_19825654_5muts_bj2_V5_23_amber_mmgbsa,-126.4053,49.8655,1.5769,51.0158,36.7225,1.1613,-75.3895,14.9508,0.4728
V6,23,0,9dip23_mdrun_500ns_top5_variant_2_runMDs_2.0.final_MUT_EPI_ISL_19859549_5muts_bj5_V6_23_amber_mmgbsa,-144.529,39.1714,1.2387,75.5343,28.9247,0.9147,-68.9947,12.955,0.4097
V6,23,1,9dip23_mdrun_500ns_top5_variant_2_runMDs_2.1.final_MUT_EPI_ISL_19859549_5muts_bj5_V6_23_amber_mmgbsa,-150.2574,62.8504,1.9875,66.3161,42.5068,1.3442,-83.9413,22.2221,0.7027
V6,23,2,9dip23_mdrun_500ns_top5_variant_2_runMDs_2.2.final_MUT_EPI_ISL_19859549_5muts_bj5_V6_23_amber_mmgbsa,-27.1577,97.3367,3.0781,-38.1645,77.4779,2.4501,-65.3222,22.454,0.7101
V4,23,0,9dip23_mdrun_500ns_top5_variant_2_runMDs_3.0.final_MUT_EPI_ISL_19859557_4muts_bj2_V4_23_amber_mmgbsa,-231.7612,39.1711,1.2387,116.4692,29.0647,0.9191,-115.292,13.4387,0.425
V4,23,1,9dip23_mdrun_500ns_top5_variant_2_runMDs_3.1.final_MUT_EPI_ISL_19859557_4muts_bj2_V4_23_amber_mmgbsa,-203.6882,36.8748,1.1661,107.8603,28.715,0.908,-95.8279,11.5762,0.3661
V4,23,2,9dip23_mdrun_500ns_top5_variant_2_runMDs_3.2.final_MUT_EPI_ISL_19859557_4muts_bj2_V4_23_amber_mmgbsa,-260.9463,56.3928,1.7833,139.2061,40.3748,1.2768,-121.7402,17.9834,0.5687
V3,23,0,9dip23_mdrun_500ns_top5_variant_2_runMDs_4.0.final_MUT_EPI_ISL_19859615_4muts_bj2_V3_23_amber_mmgbsa,-110.0098,52.9795,1.6754,1.5905,37.0171,1.1706,-108.4193,19.4538,0.6152
V3,23,1,9dip23_mdrun_500ns_top5_variant_2_runMDs_4.1.final_MUT_EPI_ISL_19859615_4muts_bj2_V3_23_amber_mmgbsa,-85.5849,51.6832,1.6344,-12.5847,32.5059,1.0279,-98.1696,24.316,0.7689
V3,23,2,9dip23_mdrun_500ns_top5_variant_2_runMDs_4.2.final_MUT_EPI_ISL_19859615_4muts_bj2_V3_23_amber_mmgbsa,-97.0903,46.5257,1.4713,-6.3448,35.4603,1.1214,-103.4352,13.5199,0.4275
9dip,26,0,9dip26_mdrun_500ns_0.0.9dip_26.amber_renamegly_new_mmgbsa,-156.8586,57.0715,1.8048,77.7217,38.2522,1.2096,-79.1369,21.8292,0.6903
9dip,26,1,9dip26_mdrun_500ns_0.1.9dip_26.amber_renamegly_new_mmgbsa,-131.5423,55.7844,1.7641,65.6996,37.3109,1.1799,-65.8427,26.0454,0.8236
9dip,26,2,9dip26_mdrun_500ns_0.2.9dip_26.amber_renamegly_new_mmgbsa,-195.5453,49.4794,1.5647,102.3555,33.4054,1.0564,-93.1898,18.0219,0.5699
2021ref,26,0,9dip26_mdrun_500ns_2021ref_repli_ref21_26_500ns_0.0.2021_ref_26_mmgbsa,-42.1407,66.578,2.1054,-33.15,46.1589,1.4597,-75.2907,23.1484,0.732
2021ref,26,1,9dip26_mdrun_500ns_2021ref_repli_ref21_26_500ns_0.1.2021_ref_26_mmgbsa,35.1061,97.9176,3.0964,-88.4203,81.1444,2.566,-53.3142,19.3575,0.6121
2021ref,26,2,9dip26_mdrun_500ns_2021ref_repli_ref21_26_500ns_0.2.2021_ref_26_mmgbsa,-130.7995,30.773,0.9731,33.1246,23.899,0.7558,-97.6749,10.9441,0.3461
V8,26,0,9dip26_mdrun_500ns_top5_variant_MD_26_aim1_0.0.final_MUT_EPI_ISL_19792280_4muts_bj3_V8_26_amber_mmgbsa,-217.5725,32.0872,1.0147,120.2717,24.5261,0.7756,-97.3008,11.4744,0.3629
V8,26,1,9dip26_mdrun_500ns_top5_variant_MD_26_aim1_0.1.final_MUT_EPI_ISL_19792280_4muts_bj3_V8_26_amber_mmgbsa,-114.1127,138.8533,4.3909,46.6148,104.2752,3.2975,-67.4979,36.6396,1.1586
V8,26,2,9dip26_mdrun_500ns_top5_variant_MD_26_aim1_0.2.final_MUT_EPI_ISL_19792280_4muts_bj3_V8_26_amber_mmgbsa,-267.4719,28.907,0.9141,150.3748,21.9378,0.6937,-117.0971,10.6285,0.3361
V5,26,0,9dip26_mdrun_500ns_top5_variant_MD_26_aim1_1.0.final_MUT_EPI_ISL_19825654_5muts_bj1_V5_26_amber_mmgbsa,-210.5424,42.2057,1.3347,108.271,30.3641,0.9602,-102.2714,15.1768,0.4799
V5,26,1,9dip26_mdrun_500ns_top5_variant_MD_26_aim1_1.1.final_MUT_EPI_ISL_19825654_5muts_bj1_V5_26_amber_mmgbsa,-227.3231,33.8351,1.07,126.915,24.7837,0.7837,-100.4081,12.851,0.4064
V5,26,2,9dip26_mdrun_500ns_top5_variant_MD_26_aim1_1.2.final_MUT_EPI_ISL_19825654_5muts_bj1_V5_26_amber_mmgbsa,-247.1882,47.1594,1.4913,137.504,35.3083,1.1165,-109.6842,14.3744,0.4546
V6,26,0,9dip26_mdrun_500ns_top5_variant_MD_26_aim1_2.0.final_MUT_EPI_ISL_19859549_5muts_bj5_V6_26_amber_mmgbsa,-221.7692,36.552,1.1559,121.5485,27.6843,0.8755,-100.2207,11.9949,0.3793
V6,26,1,9dip26_mdrun_500ns_top5_variant_MD_26_aim1_2.1.final_MUT_EPI_ISL_19859549_5muts_bj5_V6_26_amber_mmgbsa,-136.7816,71.3578,2.2565,62.1869,51.0867,1.6155,-74.5947,21.7323,0.6872
V6,26,2,9dip26_mdrun_500ns_top5_variant_MD_26_aim1_2.2.final_MUT_EPI_ISL_19859549_5muts_bj5_V6_26_amber_mmgbsa,-209.7545,60.9051,1.926,115.9953,39.9405,1.263,-93.7592,23.3376,0.738
V4,26,0,9dip26_mdrun_500ns_top5_variant_MD_26_aim1_3.0.final_MUT_EPI_ISL_19859557_4muts_bj5_V4_26_amber_mmgbsa,-113.9988,59.3432,1.8766,46.9895,40.1861,1.2708,-67.0092,22.1961,0.7019
V4,26,1,9dip26_mdrun_500ns_top5_variant_MD_26_aim1_3.1.final_MUT_EPI_ISL_19859557_4muts_bj5_V4_26_amber_mmgbsa,-168.0587,42.8687,1.3556,95.5653,31.036,0.9814,-72.4934,15.5581,0.492
V4,26,2,9dip26_mdrun_500ns_top5_variant_MD_26_aim1_3.2.final_MUT_EPI_ISL_19859557_4muts_bj5_V4_26_amber_mmgbsa,-226.4405,27.6947,0.8758,124.9211,22.5968,0.7146,-101.5194,10.1089,0.3197
V3,26,0,9dip26_mdrun_500ns_top5_variant_MD_26_aim1_4.0.final_MUT_EPI_ISL_19859615_4muts_bj3_V3_26_amber_mmgbsa,-35.2461,62.9858,1.9918,-38.5447,40.7095,1.2873,-73.7908,24.1113,0.7625
V3,26,1,9dip26_mdrun_500ns_top5_variant_MD_26_aim1_4.1.final_MUT_EPI_ISL_19859615_4muts_bj3_V3_26_amber_mmgbsa,41.3651,104.7535,3.3126,-91.3917,82.8099,2.6187,-50.0266,25.212,0.7973
V3,26,2,9dip26_mdrun_500ns_top5_variant_MD_26_aim1_4.2.final_MUT_EPI_ISL_19859615_4muts_bj3_V3_26_amber_mmgbsa,-52.3254,46.2158,1.4615,-33.6871,33.0009,1.0436,-86.0125,17.4394,0.5515