Rosetta_index,Rosetta_resName,Rosetta_resNum,Crystal_chain,Crystal_resNum,Crystal_resName
1,GLY,1,A,10,GLY
2,ASP,2,A,11,ASP
3,GLN,3,A,12,GLN
4,ILE,4,A,13,ILE
5,CYS,5,A,14,CYS
6,ILE,6,A,15,ILE
7,GLY,7,A,16,GLY
8,TYR,8,A,17,TYR
9,HIS,9,A,18,HIS
10,ALA,10,A,19,ALA
11,ASN,11,A,20,ASN
12,ASN,12,A,21,ASN
13,SER,13,A,22,SER
14,THR,14,A,23,THR
15,GLU,15,A,24,GLU
16,GLN,16,A,25,GLN
17,VAL,17,A,26,VAL
18,ASP,18,A,27,ASP
19,THR,19,A,28,THR
20,ILE,20,A,29,ILE
21,MET,21,A,30,MET
22,GLU,22,A,31,GLU
23,LYS,23,A,32,LYS
24,ASN,24,A,33,ASN
25,VAL,25,A,34,VAL
26,THR,26,A,35,THR
27,VAL,27,A,36,VAL
28,THR,28,A,37,THR
29,HIS,29,A,38,HIS
30,ALA,30,A,39,ALA
31,GLN,31,A,40,GLN
32,ASP,32,A,41,ASP
33,ILE,33,A,42,ILE
34,LEU,34,A,43,LEU
35,GLU,35,A,44,GLU
36,LYS,36,A,45,LYS
37,THR,37,A,46,THR
38,HIS,38,A,47,HIS
39,ASN,39,A,48,ASN
40,GLY,40,A,49,GLY
41,LYS,41,A,50,LYS
42,LEU,42,A,51,LEU
43,CYS,43,A,52,CYS
44,ASP,44,A,53,ASP
45,LEU,45,A,54,LEU
46,ASN,46,A,55,ASN
47,GLY,47,A,55A,GLY
48,VAL,48,A,56,VAL
49,LYS,49,A,57,LYS
50,PRO,50,A,58,PRO
51,LEU,51,A,59,LEU
52,ILE,52,A,60,ILE
53,LEU,53,A,61,LEU
54,LYS,54,A,62,LYS
55,ASP,55,A,63,ASP
56,CYS,56,A,64,CYS
57,SER,57,A,65,SER
58,VAL,58,A,66,VAL
59,ALA,59,A,67,ALA
60,GLY,60,A,68,GLY
61,TRP,61,A,69,TRP
62,LEU,62,A,70,LEU
63,LEU,63,A,71,LEU
64,GLY,64,A,72,GLY
65,ASN,65,A,73,ASN
66,PRO,66,A,74,PRO
67,MET,67,A,75,MET
68,CYS,68,A,76,CYS
69,ASP,69,A,77,ASP
70,GLU,70,A,78,GLU
71,PHE,71,A,79,PHE
72,ILE,72,A,80,ILE
73,ARG,73,A,81,ARG
74,VAL,74,A,82,VAL
75,PRO,75,A,83,PRO
76,GLU,76,A,83A,GLU
77,TRP,77,A,84,TRP
78,SER,78,A,85,SER
79,TYR,79,A,86,TYR
80,ILE,80,A,87,ILE
81,VAL,81,A,88,VAL
82,GLU,82,A,89,GLU
83,ARG,83,A,90,ARG
84,ALA,84,A,91,ALA
85,ASN,85,A,92,ASN
86,PRO,86,A,93,PRO
87,ALA,87,A,94,ALA
88,ASN,88,A,95,ASN
89,ASP,89,A,96,ASP
90,LEU,90,A,96A,LEU
91,CYS,91,A,97,CYS
92,TYR,92,A,98,TYR
93,PRO,93,A,99,PRO
94,GLY,94,A,100,GLY
95,SER,95,A,101,SER
96,LEU,96,A,102,LEU
97,ASN,97,A,103,ASN
98,ASP,98,A,104,ASP
99,TYR,99,A,105,TYR
100,GLU,100,A,106,GLU
101,GLU,101,A,107,GLU
102,LEU,102,A,108,LEU
103,LYS,103,A,109,LYS
104,HIS,104,A,110,HIS
105,MET,105,A,111,MET
106,LEU,106,A,112,LEU
107,SER,107,A,113,SER
108,ARG,108,A,114,ARG
109,ILE,109,A,115,ILE
110,ASN,110,A,116,ASN
111,HIS,111,A,117,HIS
112,PHE,112,A,118,PHE
113,GLU,113,A,119,GLU
114,LYS,114,A,120,LYS
115,ILE,115,A,121,ILE
116,GLN,116,A,122,GLN
117,ILE,117,A,123,ILE
118,ILE,118,A,124,ILE
119,PRO,119,A,125,PRO
120,LYS,120,A,125A,LYS
121,SER,121,A,125B,SER
122,SER,122,A,126,SER
123,TRP,123,A,127,TRP
124,PRO,124,A,128,PRO
125,ASN,125,A,129,ASN
126,HIS,126,A,130,HIS
127,GLU,127,A,131,GLU
128,THR,128,A,132,THR
129,SER,129,A,133,SER
130,LEU,130,A,133A,LEU
131,GLY,131,A,134,GLY
132,VAL,132,A,135,VAL
133,SER,133,A,136,SER
134,ALA,134,A,137,ALA
135,ALA,135,A,138,ALA
136,CYS,136,A,139,CYS
137,PRO,137,A,140,PRO
138,TYR,138,A,141,TYR
139,GLN,139,A,142,GLN
140,GLY,140,A,143,GLY
141,ALA,141,A,144,ALA
142,PRO,142,A,145,PRO
143,SER,143,A,146,SER
144,PHE,144,A,147,PHE
145,PHE,145,A,148,PHE
146,ARG,146,A,149,ARG
147,ASN,147,A,150,ASN
148,VAL,148,A,151,VAL
149,VAL,149,A,152,VAL
150,TRP,150,A,153,TRP
151,LEU,151,A,154,LEU
152,ILE,152,A,155,ILE
153,LYS,153,A,156,LYS
154,LYS,154,A,157,LYS
155,ASN,155,A,158,ASN
156,ASP,156,A,159,ASP
157,ALA,157,A,160,ALA
158,TYR,158,A,161,TYR
159,PRO,159,A,162,PRO
160,THR,160,A,163,THR
161,ILE,161,A,164,ILE
162,LYS,162,A,165,LYS
163,ILE,163,A,166,ILE
164,SER,164,A,167,SER
165,TYR,165,A,168,TYR
166,ASN,166,A,169,ASN
167,ASN,167,A,170,ASN
168,THR,168,A,171,THR
169,ASN,169,A,172,ASN
170,ARG,170,A,173,ARG
171,GLU,171,A,174,GLU
172,ASP,172,A,175,ASP
173,LEU,173,A,176,LEU
174,LEU,174,A,177,LEU
175,ILE,175,A,178,ILE
176,LEU,176,A,179,LEU
177,TRP,177,A,180,TRP
178,GLY,178,A,181,GLY
179,ILE,179,A,182,ILE
180,HIS,180,A,183,HIS
181,HIS,181,A,184,HIS
182,SER,182,A,185,SER
183,ASN,183,A,186,ASN
184,ASN,184,A,187,ASN
185,ALA,185,A,188,ALA
186,GLU,186,A,189,GLU
187,GLU,187,A,190,GLU
188,GLN,188,A,191,GLN
189,THR,189,A,192,THR
190,ASN,190,A,193,ASN
191,LEU,191,A,194,LEU
192,TYR,192,A,195,TYR
193,LYS,193,A,196,LYS
194,ASN,194,A,197,ASN
195,PRO,195,A,198,PRO
196,ILE,196,A,199,ILE
197,THR,197,A,200,THR
198,TYR,198,A,201,TYR
199,ILE,199,A,202,ILE
200,SER,200,A,203,SER
201,VAL,201,A,204,VAL
202,GLY,202,A,205,GLY
203,THR,203,A,206,THR
204,SER,204,A,207,SER
205,THR,205,A,208,THR
206,LEU,206,A,209,LEU
207,ASN,207,A,210,ASN
208,GLN,208,A,211,GLN
209,ARG,209,A,212,ARG
210,LEU,210,A,213,LEU
211,ALA,211,A,214,ALA
212,PRO,212,A,215,PRO
213,LYS,213,A,216,LYS
214,ILE,214,A,217,ILE
215,ALA,215,A,218,ALA
216,THR,216,A,219,THR
217,ARG,217,A,220,ARG
218,SER,218,A,221,SER
219,GLN,219,A,222,GLN
220,VAL,220,A,223,VAL
221,ASN,221,A,224,ASN
222,GLY,222,A,225,GLY
223,GLN,223,A,226,GLN
224,ARG,224,A,227,ARG
225,GLY,225,A,228,GLY
226,ARG,226,A,229,ARG
227,MET,227,A,230,MET
228,ASP,228,A,231,ASP
229,PHE,229,A,232,PHE
230,PHE,230,A,233,PHE
231,TRP,231,A,234,TRP
232,THR,232,A,235,THR
233,ILE,233,A,236,ILE
234,LEU,234,A,237,LEU
235,LYS,235,A,238,LYS
236,PRO,236,A,239,PRO
237,ASN,237,A,240,ASN
238,ASP,238,A,241,ASP
239,ALA,239,A,242,ALA
240,ILE,240,A,243,ILE
241,HIS,241,A,244,HIS
242,PHE,242,A,245,PHE
243,GLU,243,A,246,GLU
244,SER,244,A,247,SER
245,ASN,245,A,248,ASN
246,GLY,246,A,249,GLY
247,ASN,247,A,250,ASN
248,PHE,248,A,251,PHE
249,ILE,249,A,252,ILE
250,ALA,250,A,253,ALA
251,PRO,251,A,254,PRO
252,GLU,252,A,255,GLU
253,TYR,253,A,256,TYR
254,ALA,254,A,257,ALA
255,TYR,255,A,258,TYR
256,LYS,256,A,259,LYS
257,ILE,257,A,260,ILE
258,VAL,258,A,260A,VAL
259,LYS,259,A,261,LYS
260,LYS,260,A,262,LYS
261,GLY,261,A,263,GLY
262,ASP,262,A,264,ASP
263,SER,263,A,265,SER
264,THR,264,A,266,THR
265,ILE,265,A,267,ILE
266,MET,266,A,268,MET
267,LYS,267,A,269,LYS
268,SER,268,A,270,SER
269,GLY,269,A,271,GLY
270,VAL,270,A,272,VAL
271,GLU,271,A,273,GLU
272,TYR,272,A,274,TYR
273,GLY,273,A,275,GLY
274,HIS,274,A,276,HIS
275,CYS,275,A,277,CYS
276,ASN,276,A,278,ASN
277,THR,277,A,279,THR
278,LYS,278,A,280,LYS
279,CYS,279,A,281,CYS
280,GLN,280,A,282,GLN
281,THR,281,A,283,THR
282,PRO,282,A,284,PRO
283,VAL,283,A,285,VAL
284,GLY,284,A,286,GLY
285,ALA,285,A,287,ALA
286,ILE,286,A,288,ILE
287,ASN,287,A,289,ASN
288,SER,288,A,290,SER
289,SER,289,A,291,SER
290,MET,290,A,292,MET
291,PRO,291,A,293,PRO
292,PHE,292,A,294,PHE
293,HIS,293,A,295,HIS
294,ASN,294,A,296,ASN
295,ILE,295,A,297,ILE
296,HIS,296,A,298,HIS
297,PRO,297,A,299,PRO
298,LEU,298,A,300,LEU
299,THR,299,A,301,THR
300,ILE,300,A,302,ILE
301,GLY,301,A,303,GLY
302,GLU,302,A,304,GLU
303,CYS,303,A,305,CYS
304,PRO,304,A,306,PRO
305,LYS,305,A,307,LYS
306,TYR,306,A,308,TYR
307,VAL,307,A,309,VAL
308,LYS,308,A,310,LYS
309,SER,309,A,311,SER
310,ASN,310,A,312,ASN
311,LYS,311,A,313,LYS
312,LEU,312,A,314,LEU
313,VAL,313,A,315,VAL
314,LEU,314,A,316,LEU
315,ALA,315,A,317,ALA
316,THR,316,A,318,THR
317,GLY,317,A,319,GLY
318,LEU,318,A,320,LEU
319,ARG,319,A,321,ARG
320,ASN,320,A,322,ASN
321,SER,321,A,323,SER
322,PRO,322,A,324,PRO
323,GLY,323,B,1,GLY
324,LEU,324,B,2,LEU
325,PHE,325,B,3,PHE
326,GLY,326,B,4,GLY
327,ALA,327,B,5,ALA
328,ILE,328,B,6,ILE
329,ALA,329,B,7,ALA
330,GLY,330,B,8,GLY
331,PHE,331,B,9,PHE
332,ILE,332,B,10,ILE
333,GLU,333,B,11,GLU
334,GLY,334,B,12,GLY
335,GLY,335,B,13,GLY
336,TRP,336,B,14,TRP
337,GLN,337,B,15,GLN
338,GLY,338,B,16,GLY
339,MET,339,B,17,MET
340,VAL,340,B,18,VAL
341,ASP,341,B,19,ASP
342,GLY,342,B,20,GLY
343,TRP,343,B,21,TRP
344,TYR,344,B,22,TYR
345,GLY,345,B,23,GLY
346,TYR,346,B,24,TYR
347,HIS,347,B,25,HIS
348,HIS,348,B,26,HIS
349,SER,349,B,27,SER
350,ASN,350,B,28,ASN
351,GLU,351,B,29,GLU
352,GLN,352,B,30,GLN
353,GLY,353,B,31,GLY
354,SER,354,B,32,SER
355,GLY,355,B,33,GLY
356,TYR,356,B,34,TYR
357,ALA,357,B,35,ALA
358,ALA,358,B,36,ALA
359,ASP,359,B,37,ASP
360,LYS,360,B,38,LYS
361,GLU,361,B,39,GLU
362,SER,362,B,40,SER
363,THR,363,B,41,THR
364,GLN,364,B,42,GLN
365,LYS,365,B,43,LYS
366,ALA,366,B,44,ALA
367,ILE,367,B,45,ILE
368,ASP,368,B,46,ASP
369,GLY,369,B,47,GLY
370,VAL,370,B,48,VAL
371,THR,371,B,49,THR
372,ASN,372,B,50,ASN
373,LYS,373,B,51,LYS
374,VAL,374,B,52,VAL
375,ASN,375,B,53,ASN
376,SER,376,B,54,SER
377,ILE,377,B,55,ILE
378,ILE,378,B,56,ILE
379,ASP,379,B,57,ASP
380,LYS,380,B,58,LYS
381,MET,381,B,59,MET
382,ASN,382,B,60,ASN
383,THR,383,B,61,THR
384,GLN,384,B,62,GLN
385,PHE,385,B,63,PHE
386,GLU,386,B,64,GLU
387,ALA,387,B,65,ALA
388,VAL,388,B,66,VAL
389,GLY,389,B,67,GLY
390,ARG,390,B,68,ARG
391,GLU,391,B,69,GLU
392,PHE,392,B,70,PHE
393,ASN,393,B,71,ASN
394,ASN,394,B,72,ASN
395,LEU,395,B,73,LEU
396,GLU,396,B,74,GLU
397,ARG,397,B,75,ARG
398,ARG,398,B,76,ARG
399,ILE,399,B,77,ILE
400,GLU,400,B,78,GLU
401,ASN,401,B,79,ASN
402,LEU,402,B,80,LEU
403,ASN,403,B,81,ASN
404,LYS,404,B,82,LYS
405,LYS,405,B,83,LYS
406,MET,406,B,84,MET
407,GLU,407,B,85,GLU
408,ASP,408,B,86,ASP
409,GLY,409,B,87,GLY
410,PHE,410,B,88,PHE
411,LEU,411,B,89,LEU
412,ASP,412,B,90,ASP
413,VAL,413,B,91,VAL
414,TRP,414,B,92,TRP
415,THR,415,B,93,THR
416,TYR,416,B,94,TYR
417,ASN,417,B,95,ASN
418,ALA,418,B,96,ALA
419,GLU,419,B,97,GLU
420,LEU,420,B,98,LEU
421,LEU,421,B,99,LEU
422,VAL,422,B,100,VAL
423,LEU,423,B,101,LEU
424,MET,424,B,102,MET
425,GLU,425,B,103,GLU
426,ASN,426,B,104,ASN
427,GLU,427,B,105,GLU
428,ARG,428,B,106,ARG
429,THR,429,B,107,THR
430,LEU,430,B,108,LEU
431,ASP,431,B,109,ASP
432,PHE,432,B,110,PHE
433,HIS,433,B,111,HIS
434,ASP,434,B,112,ASP
435,SER,435,B,113,SER
436,ASN,436,B,114,ASN
437,VAL,437,B,115,VAL
438,LYS,438,B,116,LYS
439,ASN,439,B,117,ASN
440,LEU,440,B,118,LEU
441,TYR,441,B,119,TYR
442,ASP,442,B,120,ASP
443,LYS,443,B,121,LYS
444,VAL,444,B,122,VAL
445,ARG,445,B,123,ARG
446,LEU,446,B,124,LEU
447,GLN,447,B,125,GLN
448,LEU,448,B,126,LEU
449,ARG,449,B,127,ARG
450,ASP,450,B,128,ASP
451,ASN,451,B,129,ASN
452,ALA,452,B,130,ALA
453,LYS,453,B,131,LYS
454,GLU,454,B,132,GLU
455,LEU,455,B,133,LEU
456,GLY,456,B,134,GLY
457,ASN,457,B,135,ASN
458,GLY,458,B,136,GLY
459,CYS,459,B,137,CYS
460,PHE,460,B,138,PHE
461,GLU,461,B,139,GLU
462,PHE,462,B,140,PHE
463,TYR,463,B,141,TYR
464,HIS,464,B,142,HIS
465,LYS,465,B,143,LYS
466,CYS,466,B,144,CYS
467,ASP,467,B,145,ASP
468,ASN,468,B,146,ASN
469,GLU,469,B,147,GLU
470,CYS,470,B,148,CYS
471,MET,471,B,149,MET
472,GLU,472,B,150,GLU
473,SER,473,B,151,SER
474,VAL,474,B,152,VAL
475,ARG,475,B,153,ARG
476,ASN,476,B,154,ASN
477,GLY,477,B,155,GLY
478,THR,478,B,156,THR
479,TYR,479,B,157,TYR
480,ASP,480,B,158,ASP
481,TYR,481,B,159,TYR
482,PRO,482,B,160,PRO
483,GLN,483,B,161,GLN
484,TYR,484,B,162,TYR
485,SER,485,B,163,SER
486,GLU,486,B,164,GLU
487,GLU,487,B,165,GLU
488,ALA,488,B,166,ALA
489,ARG,489,B,167,ARG
490,LEU,490,B,168,LEU
491,LYS,491,B,169,LYS
492,ARG,492,B,170,ARG
493,GLU,493,B,171,GLU
494,GLU,494,B,172,GLU
495,ILE,495,B,173,ILE
496,SER,496,B,174,SER
497,GLY,497,C,10,GLY
498,ASP,498,C,11,ASP
499,GLN,499,C,12,GLN
500,ILE,500,C,13,ILE
501,CYS,501,C,14,CYS
502,ILE,502,C,15,ILE
503,GLY,503,C,16,GLY
504,TYR,504,C,17,TYR
505,HIS,505,C,18,HIS
506,ALA,506,C,19,ALA
507,ASN,507,C,20,ASN
508,ASN,508,C,21,ASN
509,SER,509,C,22,SER
510,THR,510,C,23,THR
511,GLU,511,C,24,GLU
512,GLN,512,C,25,GLN
513,VAL,513,C,26,VAL
514,ASP,514,C,27,ASP
515,THR,515,C,28,THR
516,ILE,516,C,29,ILE
517,MET,517,C,30,MET
518,GLU,518,C,31,GLU
519,LYS,519,C,32,LYS
520,ASN,520,C,33,ASN
521,VAL,521,C,34,VAL
522,THR,522,C,35,THR
523,VAL,523,C,36,VAL
524,THR,524,C,37,THR
525,HIS,525,C,38,HIS
526,ALA,526,C,39,ALA
527,GLN,527,C,40,GLN
528,ASP,528,C,41,ASP
529,ILE,529,C,42,ILE
530,LEU,530,C,43,LEU
531,GLU,531,C,44,GLU
532,LYS,532,C,45,LYS
533,THR,533,C,46,THR
534,HIS,534,C,47,HIS
535,ASN,535,C,48,ASN
536,GLY,536,C,49,GLY
537,LYS,537,C,50,LYS
538,LEU,538,C,51,LEU
539,CYS,539,C,52,CYS
540,ASP,540,C,53,ASP
541,LEU,541,C,54,LEU
542,ASN,542,C,55,ASN
543,GLY,543,C,55A,GLY
544,VAL,544,C,56,VAL
545,LYS,545,C,57,LYS
546,PRO,546,C,58,PRO
547,LEU,547,C,59,LEU
548,ILE,548,C,60,ILE
549,LEU,549,C,61,LEU
550,LYS,550,C,62,LYS
551,ASP,551,C,63,ASP
552,CYS,552,C,64,CYS
553,SER,553,C,65,SER
554,VAL,554,C,66,VAL
555,ALA,555,C,67,ALA
556,GLY,556,C,68,GLY
557,TRP,557,C,69,TRP
558,LEU,558,C,70,LEU
559,LEU,559,C,71,LEU
560,GLY,560,C,72,GLY
561,ASN,561,C,73,ASN
562,PRO,562,C,74,PRO
563,MET,563,C,75,MET
564,CYS,564,C,76,CYS
565,ASP,565,C,77,ASP
566,GLU,566,C,78,GLU
567,PHE,567,C,79,PHE
568,ILE,568,C,80,ILE
569,ARG,569,C,81,ARG
570,VAL,570,C,82,VAL
571,PRO,571,C,83,PRO
572,GLU,572,C,83A,GLU
573,TRP,573,C,84,TRP
574,SER,574,C,85,SER
575,TYR,575,C,86,TYR
576,ILE,576,C,87,ILE
577,VAL,577,C,88,VAL
578,GLU,578,C,89,GLU
579,ARG,579,C,90,ARG
580,ALA,580,C,91,ALA
581,ASN,581,C,92,ASN
582,PRO,582,C,93,PRO
583,ALA,583,C,94,ALA
584,ASN,584,C,95,ASN
585,ASP,585,C,96,ASP
586,LEU,586,C,96A,LEU
587,CYS,587,C,97,CYS
588,TYR,588,C,98,TYR
589,PRO,589,C,99,PRO
590,GLY,590,C,100,GLY
591,SER,591,C,101,SER
592,LEU,592,C,102,LEU
593,ASN,593,C,103,ASN
594,ASP,594,C,104,ASP
595,TYR,595,C,105,TYR
596,GLU,596,C,106,GLU
597,GLU,597,C,107,GLU
598,LEU,598,C,108,LEU
599,LYS,599,C,109,LYS
600,HIS,600,C,110,HIS
601,MET,601,C,111,MET
602,LEU,602,C,112,LEU
603,SER,603,C,113,SER
604,ARG,604,C,114,ARG
605,ILE,605,C,115,ILE
606,ASN,606,C,116,ASN
607,HIS,607,C,117,HIS
608,PHE,608,C,118,PHE
609,GLU,609,C,119,GLU
610,LYS,610,C,120,LYS
611,ILE,611,C,121,ILE
612,GLN,612,C,122,GLN
613,ILE,613,C,123,ILE
614,ILE,614,C,124,ILE
615,PRO,615,C,125,PRO
616,LYS,616,C,125A,LYS
617,SER,617,C,125B,SER
618,SER,618,C,126,SER
619,TRP,619,C,127,TRP
620,PRO,620,C,128,PRO
621,ASN,621,C,129,ASN
622,HIS,622,C,130,HIS
623,GLU,623,C,131,GLU
624,THR,624,C,132,THR
625,SER,625,C,133,SER
626,LEU,626,C,133A,LEU
627,GLY,627,C,134,GLY
628,VAL,628,C,135,VAL
629,SER,629,C,136,SER
630,ALA,630,C,137,ALA
631,ALA,631,C,138,ALA
632,CYS,632,C,139,CYS
633,PRO,633,C,140,PRO
634,TYR,634,C,141,TYR
635,GLN,635,C,142,GLN
636,GLY,636,C,143,GLY
637,ALA,637,C,144,ALA
638,PRO,638,C,145,PRO
639,SER,639,C,146,SER
640,PHE,640,C,147,PHE
641,PHE,641,C,148,PHE
642,ARG,642,C,149,ARG
643,ASN,643,C,150,ASN
644,VAL,644,C,151,VAL
645,VAL,645,C,152,VAL
646,TRP,646,C,153,TRP
647,LEU,647,C,154,LEU
648,ILE,648,C,155,ILE
649,LYS,649,C,156,LYS
650,LYS,650,C,157,LYS
651,ASN,651,C,158,ASN
652,ASP,652,C,159,ASP
653,ALA,653,C,160,ALA
654,TYR,654,C,161,TYR
655,PRO,655,C,162,PRO
656,THR,656,C,163,THR
657,ILE,657,C,164,ILE
658,LYS,658,C,165,LYS
659,ILE,659,C,166,ILE
660,SER,660,C,167,SER
661,TYR,661,C,168,TYR
662,ASN,662,C,169,ASN
663,ASN,663,C,170,ASN
664,THR,664,C,171,THR
665,ASN,665,C,172,ASN
666,ARG,666,C,173,ARG
667,GLU,667,C,174,GLU
668,ASP,668,C,175,ASP
669,LEU,669,C,176,LEU
670,LEU,670,C,177,LEU
671,ILE,671,C,178,ILE
672,LEU,672,C,179,LEU
673,TRP,673,C,180,TRP
674,GLY,674,C,181,GLY
675,ILE,675,C,182,ILE
676,HIS,676,C,183,HIS
677,HIS,677,C,184,HIS
678,SER,678,C,185,SER
679,ASN,679,C,186,ASN
680,ASN,680,C,187,ASN
681,ALA,681,C,188,ALA
682,GLU,682,C,189,GLU
683,GLU,683,C,190,GLU
684,GLN,684,C,191,GLN
685,THR,685,C,192,THR
686,ASN,686,C,193,ASN
687,LEU,687,C,194,LEU
688,TYR,688,C,195,TYR
689,LYS,689,C,196,LYS
690,ASN,690,C,197,ASN
691,PRO,691,C,198,PRO
692,ILE,692,C,199,ILE
693,THR,693,C,200,THR
694,TYR,694,C,201,TYR
695,ILE,695,C,202,ILE
696,SER,696,C,203,SER
697,VAL,697,C,204,VAL
698,GLY,698,C,205,GLY
699,THR,699,C,206,THR
700,SER,700,C,207,SER
701,THR,701,C,208,THR
702,LEU,702,C,209,LEU
703,ASN,703,C,210,ASN
704,GLN,704,C,211,GLN
705,ARG,705,C,212,ARG
706,LEU,706,C,213,LEU
707,ALA,707,C,214,ALA
708,PRO,708,C,215,PRO
709,LYS,709,C,216,LYS
710,ILE,710,C,217,ILE
711,ALA,711,C,218,ALA
712,THR,712,C,219,THR
713,ARG,713,C,220,ARG
714,SER,714,C,221,SER
715,GLN,715,C,222,GLN
716,VAL,716,C,223,VAL
717,ASN,717,C,224,ASN
718,GLY,718,C,225,GLY
719,GLN,719,C,226,GLN
720,ARG,720,C,227,ARG
721,GLY,721,C,228,GLY
722,ARG,722,C,229,ARG
723,MET,723,C,230,MET
724,ASP,724,C,231,ASP
725,PHE,725,C,232,PHE
726,PHE,726,C,233,PHE
727,TRP,727,C,234,TRP
728,THR,728,C,235,THR
729,ILE,729,C,236,ILE
730,LEU,730,C,237,LEU
731,LYS,731,C,238,LYS
732,PRO,732,C,239,PRO
733,ASN,733,C,240,ASN
734,ASP,734,C,241,ASP
735,ALA,735,C,242,ALA
736,ILE,736,C,243,ILE
737,HIS,737,C,244,HIS
738,PHE,738,C,245,PHE
739,GLU,739,C,246,GLU
740,SER,740,C,247,SER
741,ASN,741,C,248,ASN
742,GLY,742,C,249,GLY
743,ASN,743,C,250,ASN
744,PHE,744,C,251,PHE
745,ILE,745,C,252,ILE
746,ALA,746,C,253,ALA
747,PRO,747,C,254,PRO
748,GLU,748,C,255,GLU
749,TYR,749,C,256,TYR
750,ALA,750,C,257,ALA
751,TYR,751,C,258,TYR
752,LYS,752,C,259,LYS
753,ILE,753,C,260,ILE
754,VAL,754,C,260A,VAL
755,LYS,755,C,261,LYS
756,LYS,756,C,262,LYS
757,GLY,757,C,263,GLY
758,ASP,758,C,264,ASP
759,SER,759,C,265,SER
760,THR,760,C,266,THR
761,ILE,761,C,267,ILE
762,MET,762,C,268,MET
763,LYS,763,C,269,LYS
764,SER,764,C,270,SER
765,GLY,765,C,271,GLY
766,VAL,766,C,272,VAL
767,GLU,767,C,273,GLU
768,TYR,768,C,274,TYR
769,GLY,769,C,275,GLY
770,HIS,770,C,276,HIS
771,CYS,771,C,277,CYS
772,ASN,772,C,278,ASN
773,THR,773,C,279,THR
774,LYS,774,C,280,LYS
775,CYS,775,C,281,CYS
776,GLN,776,C,282,GLN
777,THR,777,C,283,THR
778,PRO,778,C,284,PRO
779,VAL,779,C,285,VAL
780,GLY,780,C,286,GLY
781,ALA,781,C,287,ALA
782,ILE,782,C,288,ILE
783,ASN,783,C,289,ASN
784,SER,784,C,290,SER
785,SER,785,C,291,SER
786,MET,786,C,292,MET
787,PRO,787,C,293,PRO
788,PHE,788,C,294,PHE
789,HIS,789,C,295,HIS
790,ASN,790,C,296,ASN
791,ILE,791,C,297,ILE
792,HIS,792,C,298,HIS
793,PRO,793,C,299,PRO
794,LEU,794,C,300,LEU
795,THR,795,C,301,THR
796,ILE,796,C,302,ILE
797,GLY,797,C,303,GLY
798,GLU,798,C,304,GLU
799,CYS,799,C,305,CYS
800,PRO,800,C,306,PRO
801,LYS,801,C,307,LYS
802,TYR,802,C,308,TYR
803,VAL,803,C,309,VAL
804,LYS,804,C,310,LYS
805,SER,805,C,311,SER
806,ASN,806,C,312,ASN
807,LYS,807,C,313,LYS
808,LEU,808,C,314,LEU
809,VAL,809,C,315,VAL
810,LEU,810,C,316,LEU
811,ALA,811,C,317,ALA
812,THR,812,C,318,THR
813,GLY,813,C,319,GLY
814,LEU,814,C,320,LEU
815,ARG,815,C,321,ARG
816,ASN,816,C,322,ASN
817,SER,817,C,323,SER
818,PRO,818,C,324,PRO
819,GLY,819,D,1,GLY
820,LEU,820,D,2,LEU
821,PHE,821,D,3,PHE
822,GLY,822,D,4,GLY
823,ALA,823,D,5,ALA
824,ILE,824,D,6,ILE
825,ALA,825,D,7,ALA
826,GLY,826,D,8,GLY
827,PHE,827,D,9,PHE
828,ILE,828,D,10,ILE
829,GLU,829,D,11,GLU
830,GLY,830,D,12,GLY
831,GLY,831,D,13,GLY
832,TRP,832,D,14,TRP
833,GLN,833,D,15,GLN
834,GLY,834,D,16,GLY
835,MET,835,D,17,MET
836,VAL,836,D,18,VAL
837,ASP,837,D,19,ASP
838,GLY,838,D,20,GLY
839,TRP,839,D,21,TRP
840,TYR,840,D,22,TYR
841,GLY,841,D,23,GLY
842,TYR,842,D,24,TYR
843,HIS,843,D,25,HIS
844,HIS,844,D,26,HIS
845,SER,845,D,27,SER
846,ASN,846,D,28,ASN
847,GLU,847,D,29,GLU
848,GLN,848,D,30,GLN
849,GLY,849,D,31,GLY
850,SER,850,D,32,SER
851,GLY,851,D,33,GLY
852,TYR,852,D,34,TYR
853,ALA,853,D,35,ALA
854,ALA,854,D,36,ALA
855,ASP,855,D,37,ASP
856,LYS,856,D,38,LYS
857,GLU,857,D,39,GLU
858,SER,858,D,40,SER
859,THR,859,D,41,THR
860,GLN,860,D,42,GLN
861,LYS,861,D,43,LYS
862,ALA,862,D,44,ALA
863,ILE,863,D,45,ILE
864,ASP,864,D,46,ASP
865,GLY,865,D,47,GLY
866,VAL,866,D,48,VAL
867,THR,867,D,49,THR
868,ASN,868,D,50,ASN
869,LYS,869,D,51,LYS
870,VAL,870,D,52,VAL
871,ASN,871,D,53,ASN
872,SER,872,D,54,SER
873,ILE,873,D,55,ILE
874,ILE,874,D,56,ILE
875,ASP,875,D,57,ASP
876,LYS,876,D,58,LYS
877,MET,877,D,59,MET
878,ASN,878,D,60,ASN
879,THR,879,D,61,THR
880,GLN,880,D,62,GLN
881,PHE,881,D,63,PHE
882,GLU,882,D,64,GLU
883,ALA,883,D,65,ALA
884,VAL,884,D,66,VAL
885,GLY,885,D,67,GLY
886,ARG,886,D,68,ARG
887,GLU,887,D,69,GLU
888,PHE,888,D,70,PHE
889,ASN,889,D,71,ASN
890,ASN,890,D,72,ASN
891,LEU,891,D,73,LEU
892,GLU,892,D,74,GLU
893,ARG,893,D,75,ARG
894,ARG,894,D,76,ARG
895,ILE,895,D,77,ILE
896,GLU,896,D,78,GLU
897,ASN,897,D,79,ASN
898,LEU,898,D,80,LEU
899,ASN,899,D,81,ASN
900,LYS,900,D,82,LYS
901,LYS,901,D,83,LYS
902,MET,902,D,84,MET
903,GLU,903,D,85,GLU
904,ASP,904,D,86,ASP
905,GLY,905,D,87,GLY
906,PHE,906,D,88,PHE
907,LEU,907,D,89,LEU
908,ASP,908,D,90,ASP
909,VAL,909,D,91,VAL
910,TRP,910,D,92,TRP
911,THR,911,D,93,THR
912,TYR,912,D,94,TYR
913,ASN,913,D,95,ASN
914,ALA,914,D,96,ALA
915,GLU,915,D,97,GLU
916,LEU,916,D,98,LEU
917,LEU,917,D,99,LEU
918,VAL,918,D,100,VAL
919,LEU,919,D,101,LEU
920,MET,920,D,102,MET
921,GLU,921,D,103,GLU
922,ASN,922,D,104,ASN
923,GLU,923,D,105,GLU
924,ARG,924,D,106,ARG
925,THR,925,D,107,THR
926,LEU,926,D,108,LEU
927,ASP,927,D,109,ASP
928,PHE,928,D,110,PHE
929,HIS,929,D,111,HIS
930,ASP,930,D,112,ASP
931,SER,931,D,113,SER
932,ASN,932,D,114,ASN
933,VAL,933,D,115,VAL
934,LYS,934,D,116,LYS
935,ASN,935,D,117,ASN
936,LEU,936,D,118,LEU
937,TYR,937,D,119,TYR
938,ASP,938,D,120,ASP
939,LYS,939,D,121,LYS
940,VAL,940,D,122,VAL
941,ARG,941,D,123,ARG
942,LEU,942,D,124,LEU
943,GLN,943,D,125,GLN
944,LEU,944,D,126,LEU
945,ARG,945,D,127,ARG
946,ASP,946,D,128,ASP
947,ASN,947,D,129,ASN
948,ALA,948,D,130,ALA
949,LYS,949,D,131,LYS
950,GLU,950,D,132,GLU
951,LEU,951,D,133,LEU
952,GLY,952,D,134,GLY
953,ASN,953,D,135,ASN
954,GLY,954,D,136,GLY
955,CYS,955,D,137,CYS
956,PHE,956,D,138,PHE
957,GLU,957,D,139,GLU
958,PHE,958,D,140,PHE
959,TYR,959,D,141,TYR
960,HIS,960,D,142,HIS
961,LYS,961,D,143,LYS
962,CYS,962,D,144,CYS
963,ASP,963,D,145,ASP
964,ASN,964,D,146,ASN
965,GLU,965,D,147,GLU
966,CYS,966,D,148,CYS
967,MET,967,D,149,MET
968,GLU,968,D,150,GLU
969,SER,969,D,151,SER
970,VAL,970,D,152,VAL
971,ARG,971,D,153,ARG
972,ASN,972,D,154,ASN
973,GLY,973,D,155,GLY
974,THR,974,D,156,THR
975,TYR,975,D,157,TYR
976,ASP,976,D,158,ASP
977,TYR,977,D,159,TYR
978,PRO,978,D,160,PRO
979,GLN,979,D,161,GLN
980,TYR,980,D,162,TYR
981,SER,981,D,163,SER
982,GLU,982,D,164,GLU
983,GLU,983,D,165,GLU
984,ALA,984,D,166,ALA
985,ARG,985,D,167,ARG
986,LEU,986,D,168,LEU
987,LYS,987,D,169,LYS
988,ARG,988,D,170,ARG
989,GLU,989,D,171,GLU
990,GLU,990,D,172,GLU
991,ILE,991,D,173,ILE
992,SER,992,D,174,SER
993,GLY,993,I,10,GLY
994,ASP,994,I,11,ASP
995,GLN,995,I,12,GLN
996,ILE,996,I,13,ILE
997,CYS,997,I,14,CYS
998,ILE,998,I,15,ILE
999,GLY,999,I,16,GLY
1000,TYR,1000,I,17,TYR
1001,HIS,1001,I,18,HIS
1002,ALA,1002,I,19,ALA
1003,ASN,1003,I,20,ASN
1004,ASN,1004,I,21,ASN
1005,SER,1005,I,22,SER
1006,THR,1006,I,23,THR
1007,GLU,1007,I,24,GLU
1008,GLN,1008,I,25,GLN
1009,VAL,1009,I,26,VAL
1010,ASP,1010,I,27,ASP
1011,THR,1011,I,28,THR
1012,ILE,1012,I,29,ILE
1013,MET,1013,I,30,MET
1014,GLU,1014,I,31,GLU
1015,LYS,1015,I,32,LYS
1016,ASN,1016,I,33,ASN
1017,VAL,1017,I,34,VAL
1018,THR,1018,I,35,THR
1019,VAL,1019,I,36,VAL
1020,THR,1020,I,37,THR
1021,HIS,1021,I,38,HIS
1022,ALA,1022,I,39,ALA
1023,GLN,1023,I,40,GLN
1024,ASP,1024,I,41,ASP
1025,ILE,1025,I,42,ILE
1026,LEU,1026,I,43,LEU
1027,GLU,1027,I,44,GLU
1028,LYS,1028,I,45,LYS
1029,THR,1029,I,46,THR
1030,HIS,1030,I,47,HIS
1031,ASN,1031,I,48,ASN
1032,GLY,1032,I,49,GLY
1033,LYS,1033,I,50,LYS
1034,LEU,1034,I,51,LEU
1035,CYS,1035,I,52,CYS
1036,ASP,1036,I,53,ASP
1037,LEU,1037,I,54,LEU
1038,ASN,1038,I,55,ASN
1039,GLY,1039,I,55A,GLY
1040,VAL,1040,I,56,VAL
1041,LYS,1041,I,57,LYS
1042,PRO,1042,I,58,PRO
1043,LEU,1043,I,59,LEU
1044,ILE,1044,I,60,ILE
1045,LEU,1045,I,61,LEU
1046,LYS,1046,I,62,LYS
1047,ASP,1047,I,63,ASP
1048,CYS,1048,I,64,CYS
1049,SER,1049,I,65,SER
1050,VAL,1050,I,66,VAL
1051,ALA,1051,I,67,ALA
1052,GLY,1052,I,68,GLY
1053,TRP,1053,I,69,TRP
1054,LEU,1054,I,70,LEU
1055,LEU,1055,I,71,LEU
1056,GLY,1056,I,72,GLY
1057,ASN,1057,I,73,ASN
1058,PRO,1058,I,74,PRO
1059,MET,1059,I,75,MET
1060,CYS,1060,I,76,CYS
1061,ASP,1061,I,77,ASP
1062,GLU,1062,I,78,GLU
1063,PHE,1063,I,79,PHE
1064,ILE,1064,I,80,ILE
1065,ARG,1065,I,81,ARG
1066,VAL,1066,I,82,VAL
1067,PRO,1067,I,83,PRO
1068,GLU,1068,I,83A,GLU
1069,TRP,1069,I,84,TRP
1070,SER,1070,I,85,SER
1071,TYR,1071,I,86,TYR
1072,ILE,1072,I,87,ILE
1073,VAL,1073,I,88,VAL
1074,GLU,1074,I,89,GLU
1075,ARG,1075,I,90,ARG
1076,ALA,1076,I,91,ALA
1077,ASN,1077,I,92,ASN
1078,PRO,1078,I,93,PRO
1079,ALA,1079,I,94,ALA
1080,ASN,1080,I,95,ASN
1081,ASP,1081,I,96,ASP
1082,LEU,1082,I,96A,LEU
1083,CYS,1083,I,97,CYS
1084,TYR,1084,I,98,TYR
1085,PRO,1085,I,99,PRO
1086,GLY,1086,I,100,GLY
1087,SER,1087,I,101,SER
1088,LEU,1088,I,102,LEU
1089,ASN,1089,I,103,ASN
1090,ASP,1090,I,104,ASP
1091,TYR,1091,I,105,TYR
1092,GLU,1092,I,106,GLU
1093,GLU,1093,I,107,GLU
1094,LEU,1094,I,108,LEU
1095,LYS,1095,I,109,LYS
1096,HIS,1096,I,110,HIS
1097,MET,1097,I,111,MET
1098,LEU,1098,I,112,LEU
1099,SER,1099,I,113,SER
1100,ARG,1100,I,114,ARG
1101,ILE,1101,I,115,ILE
1102,ASN,1102,I,116,ASN
1103,HIS,1103,I,117,HIS
1104,PHE,1104,I,118,PHE
1105,GLU,1105,I,119,GLU
1106,LYS,1106,I,120,LYS
1107,ILE,1107,I,121,ILE
1108,GLN,1108,I,122,GLN
1109,ILE,1109,I,123,ILE
1110,ILE,1110,I,124,ILE
1111,PRO,1111,I,125,PRO
1112,LYS,1112,I,125A,LYS
1113,SER,1113,I,125B,SER
1114,SER,1114,I,126,SER
1115,TRP,1115,I,127,TRP
1116,PRO,1116,I,128,PRO
1117,ASN,1117,I,129,ASN
1118,HIS,1118,I,130,HIS
1119,GLU,1119,I,131,GLU
1120,THR,1120,I,132,THR
1121,SER,1121,I,133,SER
1122,LEU,1122,I,133A,LEU
1123,GLY,1123,I,134,GLY
1124,VAL,1124,I,135,VAL
1125,SER,1125,I,136,SER
1126,ALA,1126,I,137,ALA
1127,ALA,1127,I,138,ALA
1128,CYS,1128,I,139,CYS
1129,PRO,1129,I,140,PRO
1130,TYR,1130,I,141,TYR
1131,GLN,1131,I,142,GLN
1132,GLY,1132,I,143,GLY
1133,ALA,1133,I,144,ALA
1134,PRO,1134,I,145,PRO
1135,SER,1135,I,146,SER
1136,PHE,1136,I,147,PHE
1137,PHE,1137,I,148,PHE
1138,ARG,1138,I,149,ARG
1139,ASN,1139,I,150,ASN
1140,VAL,1140,I,151,VAL
1141,VAL,1141,I,152,VAL
1142,TRP,1142,I,153,TRP
1143,LEU,1143,I,154,LEU
1144,ILE,1144,I,155,ILE
1145,LYS,1145,I,156,LYS
1146,LYS,1146,I,157,LYS
1147,ASN,1147,I,158,ASN
1148,ASP,1148,I,159,ASP
1149,ALA,1149,I,160,ALA
1150,TYR,1150,I,161,TYR
1151,PRO,1151,I,162,PRO
1152,THR,1152,I,163,THR
1153,ILE,1153,I,164,ILE
1154,LYS,1154,I,165,LYS
1155,ILE,1155,I,166,ILE
1156,SER,1156,I,167,SER
1157,TYR,1157,I,168,TYR
1158,ASN,1158,I,169,ASN
1159,ASN,1159,I,170,ASN
1160,THR,1160,I,171,THR
1161,ASN,1161,I,172,ASN
1162,ARG,1162,I,173,ARG
1163,GLU,1163,I,174,GLU
1164,ASP,1164,I,175,ASP
1165,LEU,1165,I,176,LEU
1166,LEU,1166,I,177,LEU
1167,ILE,1167,I,178,ILE
1168,LEU,1168,I,179,LEU
1169,TRP,1169,I,180,TRP
1170,GLY,1170,I,181,GLY
1171,ILE,1171,I,182,ILE
1172,HIS,1172,I,183,HIS
1173,HIS,1173,I,184,HIS
1174,SER,1174,I,185,SER
1175,ASN,1175,I,186,ASN
1176,ASN,1176,I,187,ASN
1177,ALA,1177,I,188,ALA
1178,GLU,1178,I,189,GLU
1179,GLU,1179,I,190,GLU
1180,GLN,1180,I,191,GLN
1181,THR,1181,I,192,THR
1182,ASN,1182,I,193,ASN
1183,LEU,1183,I,194,LEU
1184,TYR,1184,I,195,TYR
1185,LYS,1185,I,196,LYS
1186,ASN,1186,I,197,ASN
1187,PRO,1187,I,198,PRO
1188,ILE,1188,I,199,ILE
1189,THR,1189,I,200,THR
1190,TYR,1190,I,201,TYR
1191,ILE,1191,I,202,ILE
1192,SER,1192,I,203,SER
1193,VAL,1193,I,204,VAL
1194,GLY,1194,I,205,GLY
1195,THR,1195,I,206,THR
1196,SER,1196,I,207,SER
1197,THR,1197,I,208,THR
1198,LEU,1198,I,209,LEU
1199,ASN,1199,I,210,ASN
1200,GLN,1200,I,211,GLN
1201,ARG,1201,I,212,ARG
1202,LEU,1202,I,213,LEU
1203,ALA,1203,I,214,ALA
1204,PRO,1204,I,215,PRO
1205,LYS,1205,I,216,LYS
1206,ILE,1206,I,217,ILE
1207,ALA,1207,I,218,ALA
1208,THR,1208,I,219,THR
1209,ARG,1209,I,220,ARG
1210,SER,1210,I,221,SER
1211,GLN,1211,I,222,GLN
1212,VAL,1212,I,223,VAL
1213,ASN,1213,I,224,ASN
1214,GLY,1214,I,225,GLY
1215,GLN,1215,I,226,GLN
1216,ARG,1216,I,227,ARG
1217,GLY,1217,I,228,GLY
1218,ARG,1218,I,229,ARG
1219,MET,1219,I,230,MET
1220,ASP,1220,I,231,ASP
1221,PHE,1221,I,232,PHE
1222,PHE,1222,I,233,PHE
1223,TRP,1223,I,234,TRP
1224,THR,1224,I,235,THR
1225,ILE,1225,I,236,ILE
1226,LEU,1226,I,237,LEU
1227,LYS,1227,I,238,LYS
1228,PRO,1228,I,239,PRO
1229,ASN,1229,I,240,ASN
1230,ASP,1230,I,241,ASP
1231,ALA,1231,I,242,ALA
1232,ILE,1232,I,243,ILE
1233,HIS,1233,I,244,HIS
1234,PHE,1234,I,245,PHE
1235,GLU,1235,I,246,GLU
1236,SER,1236,I,247,SER
1237,ASN,1237,I,248,ASN
1238,GLY,1238,I,249,GLY
1239,ASN,1239,I,250,ASN
1240,PHE,1240,I,251,PHE
1241,ILE,1241,I,252,ILE
1242,ALA,1242,I,253,ALA
1243,PRO,1243,I,254,PRO
1244,GLU,1244,I,255,GLU
1245,TYR,1245,I,256,TYR
1246,ALA,1246,I,257,ALA
1247,TYR,1247,I,258,TYR
1248,LYS,1248,I,259,LYS
1249,ILE,1249,I,260,ILE
1250,VAL,1250,I,260A,VAL
1251,LYS,1251,I,261,LYS
1252,LYS,1252,I,262,LYS
1253,GLY,1253,I,263,GLY
1254,ASP,1254,I,264,ASP
1255,SER,1255,I,265,SER
1256,THR,1256,I,266,THR
1257,ILE,1257,I,267,ILE
1258,MET,1258,I,268,MET
1259,LYS,1259,I,269,LYS
1260,SER,1260,I,270,SER
1261,GLY,1261,I,271,GLY
1262,VAL,1262,I,272,VAL
1263,GLU,1263,I,273,GLU
1264,TYR,1264,I,274,TYR
1265,GLY,1265,I,275,GLY
1266,HIS,1266,I,276,HIS
1267,CYS,1267,I,277,CYS
1268,ASN,1268,I,278,ASN
1269,THR,1269,I,279,THR
1270,LYS,1270,I,280,LYS
1271,CYS,1271,I,281,CYS
1272,GLN,1272,I,282,GLN
1273,THR,1273,I,283,THR
1274,PRO,1274,I,284,PRO
1275,VAL,1275,I,285,VAL
1276,GLY,1276,I,286,GLY
1277,ALA,1277,I,287,ALA
1278,ILE,1278,I,288,ILE
1279,ASN,1279,I,289,ASN
1280,SER,1280,I,290,SER
1281,SER,1281,I,291,SER
1282,MET,1282,I,292,MET
1283,PRO,1283,I,293,PRO
1284,PHE,1284,I,294,PHE
1285,HIS,1285,I,295,HIS
1286,ASN,1286,I,296,ASN
1287,ILE,1287,I,297,ILE
1288,HIS,1288,I,298,HIS
1289,PRO,1289,I,299,PRO
1290,LEU,1290,I,300,LEU
1291,THR,1291,I,301,THR
1292,ILE,1292,I,302,ILE
1293,GLY,1293,I,303,GLY
1294,GLU,1294,I,304,GLU
1295,CYS,1295,I,305,CYS
1296,PRO,1296,I,306,PRO
1297,LYS,1297,I,307,LYS
1298,TYR,1298,I,308,TYR
1299,VAL,1299,I,309,VAL
1300,LYS,1300,I,310,LYS
1301,SER,1301,I,311,SER
1302,ASN,1302,I,312,ASN
1303,LYS,1303,I,313,LYS
1304,LEU,1304,I,314,LEU
1305,VAL,1305,I,315,VAL
1306,LEU,1306,I,316,LEU
1307,ALA,1307,I,317,ALA
1308,THR,1308,I,318,THR
1309,GLY,1309,I,319,GLY
1310,LEU,1310,I,320,LEU
1311,ARG,1311,I,321,ARG
1312,ASN,1312,I,322,ASN
1313,SER,1313,I,323,SER
1314,PRO,1314,I,324,PRO
1315,GLY,1315,J,1,GLY
1316,LEU,1316,J,2,LEU
1317,PHE,1317,J,3,PHE
1318,GLY,1318,J,4,GLY
1319,ALA,1319,J,5,ALA
1320,ILE,1320,J,6,ILE
1321,ALA,1321,J,7,ALA
1322,GLY,1322,J,8,GLY
1323,PHE,1323,J,9,PHE
1324,ILE,1324,J,10,ILE
1325,GLU,1325,J,11,GLU
1326,GLY,1326,J,12,GLY
1327,GLY,1327,J,13,GLY
1328,TRP,1328,J,14,TRP
1329,GLN,1329,J,15,GLN
1330,GLY,1330,J,16,GLY
1331,MET,1331,J,17,MET
1332,VAL,1332,J,18,VAL
1333,ASP,1333,J,19,ASP
1334,GLY,1334,J,20,GLY
1335,TRP,1335,J,21,TRP
1336,TYR,1336,J,22,TYR
1337,GLY,1337,J,23,GLY
1338,TYR,1338,J,24,TYR
1339,HIS,1339,J,25,HIS
1340,HIS,1340,J,26,HIS
1341,SER,1341,J,27,SER
1342,ASN,1342,J,28,ASN
1343,GLU,1343,J,29,GLU
1344,GLN,1344,J,30,GLN
1345,GLY,1345,J,31,GLY
1346,SER,1346,J,32,SER
1347,GLY,1347,J,33,GLY
1348,TYR,1348,J,34,TYR
1349,ALA,1349,J,35,ALA
1350,ALA,1350,J,36,ALA
1351,ASP,1351,J,37,ASP
1352,LYS,1352,J,38,LYS
1353,GLU,1353,J,39,GLU
1354,SER,1354,J,40,SER
1355,THR,1355,J,41,THR
1356,GLN,1356,J,42,GLN
1357,LYS,1357,J,43,LYS
1358,ALA,1358,J,44,ALA
1359,ILE,1359,J,45,ILE
1360,ASP,1360,J,46,ASP
1361,GLY,1361,J,47,GLY
1362,VAL,1362,J,48,VAL
1363,THR,1363,J,49,THR
1364,ASN,1364,J,50,ASN
1365,LYS,1365,J,51,LYS
1366,VAL,1366,J,52,VAL
1367,ASN,1367,J,53,ASN
1368,SER,1368,J,54,SER
1369,ILE,1369,J,55,ILE
1370,ILE,1370,J,56,ILE
1371,ASP,1371,J,57,ASP
1372,LYS,1372,J,58,LYS
1373,MET,1373,J,59,MET
1374,ASN,1374,J,60,ASN
1375,THR,1375,J,61,THR
1376,GLN,1376,J,62,GLN
1377,PHE,1377,J,63,PHE
1378,GLU,1378,J,64,GLU
1379,ALA,1379,J,65,ALA
1380,VAL,1380,J,66,VAL
1381,GLY,1381,J,67,GLY
1382,ARG,1382,J,68,ARG
1383,GLU,1383,J,69,GLU
1384,PHE,1384,J,70,PHE
1385,ASN,1385,J,71,ASN
1386,ASN,1386,J,72,ASN
1387,LEU,1387,J,73,LEU
1388,GLU,1388,J,74,GLU
1389,ARG,1389,J,75,ARG
1390,ARG,1390,J,76,ARG
1391,ILE,1391,J,77,ILE
1392,GLU,1392,J,78,GLU
1393,ASN,1393,J,79,ASN
1394,LEU,1394,J,80,LEU
1395,ASN,1395,J,81,ASN
1396,LYS,1396,J,82,LYS
1397,LYS,1397,J,83,LYS
1398,MET,1398,J,84,MET
1399,GLU,1399,J,85,GLU
1400,ASP,1400,J,86,ASP
1401,GLY,1401,J,87,GLY
1402,PHE,1402,J,88,PHE
1403,LEU,1403,J,89,LEU
1404,ASP,1404,J,90,ASP
1405,VAL,1405,J,91,VAL
1406,TRP,1406,J,92,TRP
1407,THR,1407,J,93,THR
1408,TYR,1408,J,94,TYR
1409,ASN,1409,J,95,ASN
1410,ALA,1410,J,96,ALA
1411,GLU,1411,J,97,GLU
1412,LEU,1412,J,98,LEU
1413,LEU,1413,J,99,LEU
1414,VAL,1414,J,100,VAL
1415,LEU,1415,J,101,LEU
1416,MET,1416,J,102,MET
1417,GLU,1417,J,103,GLU
1418,ASN,1418,J,104,ASN
1419,GLU,1419,J,105,GLU
1420,ARG,1420,J,106,ARG
1421,THR,1421,J,107,THR
1422,LEU,1422,J,108,LEU
1423,ASP,1423,J,109,ASP
1424,PHE,1424,J,110,PHE
1425,HIS,1425,J,111,HIS
1426,ASP,1426,J,112,ASP
1427,SER,1427,J,113,SER
1428,ASN,1428,J,114,ASN
1429,VAL,1429,J,115,VAL
1430,LYS,1430,J,116,LYS
1431,ASN,1431,J,117,ASN
1432,LEU,1432,J,118,LEU
1433,TYR,1433,J,119,TYR
1434,ASP,1434,J,120,ASP
1435,LYS,1435,J,121,LYS
1436,VAL,1436,J,122,VAL
1437,ARG,1437,J,123,ARG
1438,LEU,1438,J,124,LEU
1439,GLN,1439,J,125,GLN
1440,LEU,1440,J,126,LEU
1441,ARG,1441,J,127,ARG
1442,ASP,1442,J,128,ASP
1443,ASN,1443,J,129,ASN
1444,ALA,1444,J,130,ALA
1445,LYS,1445,J,131,LYS
1446,GLU,1446,J,132,GLU
1447,LEU,1447,J,133,LEU
1448,GLY,1448,J,134,GLY
1449,ASN,1449,J,135,ASN
1450,GLY,1450,J,136,GLY
1451,CYS,1451,J,137,CYS
1452,PHE,1452,J,138,PHE
1453,GLU,1453,J,139,GLU
1454,PHE,1454,J,140,PHE
1455,TYR,1455,J,141,TYR
1456,HIS,1456,J,142,HIS
1457,LYS,1457,J,143,LYS
1458,CYS,1458,J,144,CYS
1459,ASP,1459,J,145,ASP
1460,ASN,1460,J,146,ASN
1461,GLU,1461,J,147,GLU
1462,CYS,1462,J,148,CYS
1463,MET,1463,J,149,MET
1464,GLU,1464,J,150,GLU
1465,SER,1465,J,151,SER
1466,VAL,1466,J,152,VAL
1467,ARG,1467,J,153,ARG
1468,ASN,1468,J,154,ASN
1469,GLY,1469,J,155,GLY
1470,THR,1470,J,156,THR
1471,TYR,1471,J,157,TYR
1472,ASP,1472,J,158,ASP
1473,TYR,1473,J,159,TYR
1474,PRO,1474,J,160,PRO
1475,GLN,1475,J,161,GLN
1476,TYR,1476,J,162,TYR
1477,SER,1477,J,163,SER
1478,GLU,1478,J,164,GLU
1479,GLU,1479,J,165,GLU
1480,ALA,1480,J,166,ALA
1481,ARG,1481,J,167,ARG
1482,LEU,1482,J,168,LEU
1483,LYS,1483,J,169,LYS
1484,ARG,1484,J,170,ARG
1485,GLU,1485,J,171,GLU
1486,GLU,1486,J,172,GLU
1487,ILE,1487,J,173,ILE
1488,SER,1488,J,174,SER
